USER_ID,GENDER
3156,male
2122,female
2485,female
1790,male
777,male
5777,female
810,male
4586,male
5005,female
3908,female
4495,female
5819,male
10,female
5765,female
1817,female
3670,male
4009,female
5789,female
1665,male
2357,male
4716,male
1530,male
3904,male
1226,male
5600,male
2258,female
2255,female
675,female
5163,female
960,male
510,female
4702,female
607,female
4719,female
4961,female
1726,female
5084,female
590,male
4126,male
1634,male
5716,male
5540,female
961,female
5317,female
2056,male
375,female
4999,female
5863,male
1576,male
3672,male
5750,female
5809,male
3657,male
319,male
5187,female
3421,female
4329,female
2294,male
5142,male
5355,male
5284,male
153,male
2579,male
4051,male
1461,male
1238,female
293,male
2957,female
5985,female
2523,male
2692,female
3925,male
2745,male
3077,male
1623,female
4559,male
3466,male
3533,female
5546,female
3261,male
1199,female
1240,male
5570,male
4059,female
5490,male
4996,male
1216,female
2412,female
323,female
1317,female
3042,male
743,male
1689,female
4804,male
4153,male
2481,male
1044,female
3424,female
2890,female
166,female
5161,male
3141,male
5742,female
2768,female
2407,female
3212,male
618,male
5461,male
766,male
4155,female
689,female
252,female
4069,female
2944,male
1889,female
27,male
5649,male
1163,male
1067,female
2398,male
662,male
1204,female
1507,female
4926,male
4512,male
5219,male
3045,female
2269,male
1519,male
4288,female
3960,male
64,female
1280,male
1904,male
990,male
4310,female
2322,female
291,female
2041,female
2317,male
4354,female
3046,female
3125,male
2450,male
5691,female
494,male
210,male
5628,female
5481,male
338,male
1153,female
3776,male
5309,female
1059,female
3501,male
1674,female
5004,male
3755,male
4760,male
2179,female
2375,female
1820,male
4984,male
3734,female
1558,male
5511,male
2087,female
76,male
3606,male
3392,male
3498,male
1803,female
2619,male
1649,male
4393,male
5832,female
2038,female
3509,female
5529,female
5412,female
531,male
5149,female
4532,female
3241,male
1692,female
1915,male
4084,female
4884,male
4551,male
5770,male
1126,female
1710,male
5946,female
2820,male
6000,female
181,male
102,female
5440,male
2556,female
3353,female
344,male
4101,female
1945,male
5601,male
3500,male
5818,male
2069,female
4067,male
3316,male
4345,female
4674,male
3308,male
2081,female
4230,male
1988,female
1254,female
2647,female
4658,female
5442,male
4497,female
5238,female
4957,male
3512,female
2605,male
1161,male
3147,female
1871,female
1594,male
1984,female
1940,female
3609,female
2071,female
2516,female
5514,male
4774,male
2688,female
341,female
5877,male
3860,male
2254,male
4191,female
5868,female
5979,male
4547,female
4800,female
2138,female
3677,male
5256,female
1581,male
4279,male
4555,female
656,female
4198,male
187,female
509,female
635,male
5508,male
3377,male
526,female
4539,female
4388,male
3862,female
5125,male
1286,female
5244,female
5558,female
1969,female
1341,female
4628,female
3195,male
160,female
387,female
5010,female
5624,female
2983,male
3341,female
3128,male
3253,female
1942,male
4379,female
3450,male
4950,female
4835,female
1169,male
1604,female
3114,male
5589,male
5963,male
1083,male
4725,male
1700,female
2925,male
971,female
4109,male
2501,female
2509,male
4780,male
4881,male
1382,female
2608,male
3986,female
639,male
4983,female
174,female
440,female
3732,male
4017,female
1883,male
564,male
4556,female
2431,male
5453,male
58,female
3875,female
5618,female
4078,male
4061,male
3011,male
3942,male
1060,male
1874,female
2273,female
989,male
3783,female
3271,female
753,female
332,female
927,male
4380,female
669,male
3402,male
3889,male
2207,male
3719,male
846,female
1114,female
1652,female
5679,male
3668,female
2085,female
3718,male
5927,male
3317,female
1870,male
1220,female
2457,female
484,female
3839,female
3203,male
1501,male
1247,male
1748,male
2603,female
511,female
894,female
5290,female
2771,female
3202,female
1201,male
5798,female
3328,male
3371,female
4349,male
4401,female
126,female
686,male
4200,male
2282,female
2784,male
2585,male
3928,male
4974,male
2229,female
5048,male
2776,male
2113,female
5026,male
616,female
1831,male
1886,female
2206,female
3816,male
5410,male
5787,male
288,male
4544,female
1006,female
1975,male
5231,male
5354,female
5804,female
1148,female
4772,male
3471,female
3144,female
3586,female
3391,female
2308,female
2928,female
1527,male
1906,female
2032,female
3153,male
96,female
1991,male
5422,female
372,male
2040,female
4176,female
2933,female
3880,female
2860,female
2441,male
1773,male
4356,female
3551,male
2106,female
5418,female
74,female
2543,male
2906,male
4866,female
3146,male
1239,male
4952,female
699,male
5131,male
1132,female
3982,male
5292,female
883,female
3452,female
921,female
5972,female
2149,female
2914,female
67,male
3155,female
5759,male
1845,female
3272,female
449,female
1699,male
2358,female
423,female
4156,male
1191,male
2080,female
692,male
4517,female
1178,female
1173,male
4296,female
3295,male
4706,male
1998,female
4669,female
5361,female
5599,male
358,male
5697,female
3963,female
1421,male
4653,male
3207,male
4395,female
2767,male
1996,female
1418,female
1678,male
4959,female
4070,male
1656,female
1614,female
5735,male
447,female
5038,male
3947,female
4147,male
4888,female
5982,female
5815,male
5007,male
1505,male
5439,female
1630,female
3931,female
1807,female
28,male
2612,female
1896,male
823,male
1135,male
1599,female
2680,female
5816,male
5375,male
1909,male
4489,female
1569,male
4508,female
5252,female
2874,male
284,female
1175,male
727,female
5019,female
3973,female
1193,male
2945,male
5334,male
1271,male
1218,male
957,female
1471,female
5591,male
4050,female
5822,male
3815,female
1947,female
5962,male
1176,female
557,male
4729,female
3699,female
2429,female
2031,female
2052,female
5373,male
5303,male
694,female
3665,male
5008,male
2186,female
3858,male
2777,female
2541,female
5251,male
1424,male
2988,male
128,female
5363,male
1397,male
5553,male
764,female
5485,male
3685,male
5937,female
943,male
5051,male
1357,male
224,female
5164,male
5285,male
3015,female
4936,male
5152,female
1528,male
5095,female
835,female
2718,male
3612,female
1672,male
1703,male
3910,male
2418,male
3105,female
4537,female
1262,male
2474,female
1393,female
540,female
5120,female
263,male
5563,female
2372,male
311,male
2473,male
556,male
4491,male
750,male
272,male
5320,male
4977,male
658,male
5133,male
2033,female
4331,male
2513,male
3061,female
5676,female
949,female
2137,female
5184,female
5180,male
5656,female
845,male
2720,male
1305,female
5921,female
5313,male
2185,male
1401,male
2337,male
247,female
4860,male
3431,female
5918,female
4915,female
3214,female
5904,male
809,female
5283,female
5967,male
983,female
3076,female
3457,female
3396,male
5561,male
2865,female
798,male
3607,male
5812,male
368,male
789,male
524,female
4614,male
1070,male
5548,female
2526,female
59,female
1753,female
3539,female
1574,male
2387,female
2016,male
4074,female
1427,male
2231,male
2639,female
5239,female
651,male
3204,male
671,male
1410,female
5299,female
5221,male
744,male
1030,female
992,female
4832,female
150,female
4100,female
899,male
4611,male
1858,female
3948,female
1134,male
514,male
2948,male
3016,female
4886,male
89,female
2804,male
2181,male
5494,male
2297,male
2448,male
1560,male
4118,male
1516,female
314,female
3000,male
4698,female
4671,female
783,female
5541,male
5821,female
741,male
2711,female
4981,male
5854,female
1385,female
5083,female
4648,female
2321,male
2700,male
4990,female
1284,female
4377,female
5668,female
4841,female
3919,female
3082,male
4254,female
1826,male
5846,male
1757,female
5951,male
974,male
5823,male
5465,female
3198,male
4389,female
804,male
2132,female
5315,male
4036,male
7,male
2538,female
2461,male
70,male
35,male
5308,female
359,male
1802,male
2319,female
5162,male
265,female
2772,female
4722,male
4661,male
3359,male
5643,female
5271,male
1838,male
1354,female
1075,male
3409,female
365,female
3415,male
4032,male
2943,female
1976,female
5612,male
5447,male
3201,male
2463,female
2413,female
3913,male
847,male
4151,male
2613,male
3365,male
559,male
2392,male
402,male
2011,male
1192,male
4901,male
1486,female
4206,female
4285,female
4197,male
5923,female
3688,male
2743,female
1987,male
143,male
199,male
416,female
2962,male
3547,male
1294,male
2557,male
5362,male
5053,female
1065,male
1151,female
3713,male
4294,male
5003,female
4675,female
2520,male
5773,male
3705,female
2644,female
4824,female
42,male
1938,male
4944,male
2712,male
875,female
2857,female
3722,female
1413,male
1426,male
4429,male
2621,female
3650,female
2658,female
3812,female
858,male
3467,female
4788,female
3623,female
350,male
2564,female
4035,female
1409,female
1877,female
2705,male
1333,female
4488,male
4617,male
2805,male
2993,female
4712,male
1106,female
2931,male
1227,male
3667,female
2883,female
1637,male
13,female
776,female
26,female
4045,female
1443,male
4129,female
146,female
2559,female
1696,male
3536,male
2077,female
1027,male
2959,female
4910,male
4086,female
3785,male
4315,female
1235,male
4727,male
859,female
501,male
2739,female
244,female
3456,female
2817,male
3166,female
4853,male
1582,female
681,male
742,male
1931,male
1631,male
4175,female
1913,female
5416,female
5250,female
2686,female
532,male
1069,male
444,female
5106,male
5867,male
1654,male
3709,female
4670,male
5940,male
901,male
2266,male
3240,male
287,male
438,female
5274,male
870,male
1739,female
1481,male
3958,male
4342,female
1066,male
3444,female
4526,female
4693,female
3559,female
2622,male
1744,female
2250,female
543,male
5568,male
5233,male
71,female
4947,male
5911,male
3879,male
3484,male
2022,female
5082,female
2471,male
3824,male
5554,male
1902,female
4002,female
5151,female
2636,female
2286,female
3761,male
305,female
4958,female
195,male
2312,female
1071,female
931,female
3399,male
4717,female
1513,male
2281,male
4474,male
3642,male
3346,female
1688,male
1077,male
5664,female
5538,male
2902,male
2699,male
4801,male
5648,male
3751,female
2935,female
558,female
1644,male
4300,female
657,female
5073,female
1292,female
3570,female
3865,male
3004,female
1725,female
5291,female
5307,female
1110,female
1452,female
5980,female
3735,male
3562,female
3468,female
3849,female
3885,male
1300,male
147,male
2719,female
461,female
2141,male
3034,female
5376,male
5559,male
4290,female
3347,female
5402,female
1933,male
2684,female
473,male
4842,female
967,female
3348,female
2749,female
598,male
1912,female
5781,male
480,female
3627,female
2797,female
2586,female
1088,female
1701,female
399,female
517,female
2989,male
2369,male
3700,female
5159,male
2667,male
397,female
4511,male
4902,female
2434,female
2778,male
3898,female
3103,female
2490,female
1361,female
3708,male
4171,female
3720,female
3478,female
2682,male
4383,female
4371,female
5740,female
515,male
4013,female
1707,male
104,female
3483,male
3436,female
1754,female
4720,female
3632,female
2652,female
3397,female
2164,male
2808,female
5128,female
552,female
5322,female
3575,male
3662,female
2879,male
4849,female
3488,female
4218,male
4410,female
4141,male
4898,male
3950,female
4020,female
4682,female
5028,male
652,male
3087,male
4351,female
2659,female
4384,male
3152,female
1224,female
5667,female
5365,male
5968,female
866,female
5953,female
4449,female
4827,female
2511,male
4809,male
5922,female
3763,male
4046,female
1312,female
3771,male
1857,male
5890,female
2488,male
5891,female
5029,male
2545,male
3053,female
1561,female
11,male
995,female
1316,male
1847,female
4302,male
5069,female
4757,female
5388,female
4625,female
1362,female
4991,female
390,male
5454,male
3686,male
2715,female
4856,female
62,male
5826,male
2903,male
3208,female
1794,female
1489,female
2156,female
4138,male
1618,female
3476,male
4994,male
2938,female
5587,male
4430,male
4696,female
5725,female
2377,male
2876,female
3837,male
2548,female
1835,female
2734,male
196,female
3994,male
1399,female
327,female
1837,female
4111,male
2162,female
2395,female
3417,male
1711,female
3625,male
4440,female
1778,female
259,male
779,female
2536,female
3884,female
1970,female
3411,female
3744,female
312,male
2698,male
2396,male
2630,male
1667,female
2540,female
691,female
4818,male
4785,male
2550,male
5871,female
982,female
3784,male
3189,female
3678,female
4663,male
3380,male
4891,male
261,female
3107,female
1213,female
950,female
2794,female
4037,female
2861,male
373,male
4004,male
3666,female
5089,male
5273,male
4370,male
1061,male
4918,male
2479,male
5063,male
986,female
1983,male
487,male
430,female
4922,male
4227,female
5938,male
2401,male
5300,female
602,female
4418,male
4976,female
3414,male
172,female
5078,male
1196,female
339,male
4324,male
5275,male
2670,female
882,male
5380,female
4833,female
1,female
2714,female
5636,female
2602,female
5896,female
267,female
5835,male
3549,female
1751,female
1781,female
1746,male
413,male
5926,female
5032,female
101,female
2165,female
1485,female
978,female
278,female
1823,female
868,female
5336,female
5400,male
3137,female
1417,male
1661,male
4125,female
4763,male
5057,female
2328,male
799,female
2997,male
837,male
3418,female
1800,male
1245,male
1884,male
388,male
5397,male
2732,female
4750,male
2230,female
5813,male
5768,male
3063,female
1432,male
3280,female
1995,female
295,male
4634,male
1466,female
1340,female
5741,male
4848,male
5312,male
5720,female
941,female
186,female
5382,female
2721,female
5466,male
2208,male
4422,male
653,male
3883,male
2518,female
4730,male
5464,male
537,male
369,male
3502,female
2571,male
1602,female
2512,female
3495,male
5689,male
4221,female
2590,male
5249,female
1694,female
4102,male
5193,male
5747,male
2238,female
2486,female
155,female
2878,female
4641,female
4130,female
3716,male
731,female
5842,female
3364,male
3066,female
2309,male
342,male
4954,female
3992,male
3775,female
1483,female
5853,male
3297,female
1729,female
3795,male
445,male
3739,male
1620,male
4548,female
3970,male
1616,male
4989,male
638,male
1680,male
4103,male
2126,female
4165,female
1127,male
3681,female
1179,female
1536,female
5139,male
4312,female
5895,female
361,female
3140,male
1420,male
5022,male
4620,female
5767,female
5098,female
2823,male
5733,female
701,female
3997,male
1743,female
4502,male
1259,male
1892,female
4642,female
1039,male
3463,male
589,male
1583,female
5386,male
2248,female
1730,female
1950,female
4815,female
5185,male
1142,male
611,male
30,female
585,female
3576,male
4889,female
1229,male
853,female
3193,male
4621,male
1814,female
3507,female
1533,female
5606,male
5738,female
5775,female
1177,male
819,male
5105,male
1121,male
3621,female
3163,female
3967,female
4225,male
3626,male
367,male
175,female
347,male
5367,male
4462,female
1541,male
4402,male
1994,female
1476,female
1188,male
1011,male
3993,male
1408,male
3339,male
206,male
2506,male
5049,female
2716,female
2296,female
626,female
2786,female
44,male
608,male
829,female
3319,female
5838,male
5347,male
4048,female
4332,female
1459,female
1600,male
3079,female
5894,male
4160,male
898,male
4667,female
2505,male
3438,female
5632,male
4955,male
1170,male
2060,female
4741,female
5870,male
2198,female
5414,male
737,male
5839,female
1034,female
1716,male
4257,female
3581,male
3704,male
5077,female
1650,male
687,male
4301,female
2222,male
4638,male
2824,male
285,male
733,male
3336,female
1962,male
624,female
3614,male
38,female
5677,male
5807,female
3556,male
5862,male
4408,female
5688,male
2657,male
3154,male
4521,male
720,female
3943,female
4064,female
222,female
2522,male
1109,male
4056,female
5013,male
825,male
1241,female
1207,male
5552,male
2924,male
4425,female
31,female
5880,male
4882,female
3235,female
1645,female
5919,male
4255,female
2887,male
353,female
1698,male
4134,male
234,male
5436,female
3852,female
2533,female
1463,female
3086,male
586,male
90,male
3710,male
3634,female
549,female
2364,male
2146,female
3250,male
5401,male
4622,male
2076,male
4330,female
2168,male
5782,male
1221,female
290,female
107,female
1770,male
4506,male
4929,female
3920,female
1727,female
2970,male
2059,female
3224,male
5519,female
2974,male
4071,female
716,female
1347,female
2896,male
896,male
2532,female
3065,male
2839,female
599,male
925,male
2070,female
3088,female
3083,female
1288,male
604,male
5650,female
3220,male
1540,female
122,female
4640,female
1351,male
3413,male
2573,female
3327,female
631,male
5829,female
407,female
214,female
167,male
4527,male
404,male
1936,female
1719,female
5958,female
86,male
3256,male
366,female
1457,female
3236,female
2036,male
4844,male
66,male
2643,male
2858,male
320,male
197,male
3604,female
4390,female
4880,male
1434,female
2135,male
2003,male
2414,female
4042,male
2492,male
1244,female
1314,female
5425,male
1111,female
4867,female
3900,male
3649,female
1078,male
1323,male
4113,male
4094,female
5916,male
2340,male
3406,female
3663,male
1934,female
5350,female
1255,male
3587,female
5268,female
869,female
710,female
1014,female
2713,male
4460,female
1640,female
43,male
2615,female
5973,male
5889,female
2867,male
2813,male
2584,female
462,female
2654,female
1008,female
1885,male
1407,male
330,female
2287,female
1626,male
4406,male
516,male
3589,female
393,male
37,female
863,female
1056,male
4500,male
3143,male
1879,male
1799,female
3385,female
4438,female
3938,male
1087,male
3823,male
588,female
2455,male
3477,female
613,female
3333,male
4314,male
550,male
5673,male
4754,female
2606,male
33,female
4580,female
4177,male
4496,male
1099,female
3479,female
4503,female
3094,male
554,male
5932,male
4195,female
1572,male
1445,male
1209,female
4871,female
5757,female
5993,female
5512,female
3464,female
906,female
325,male
2775,female
3964,male
3177,male
2227,female
2399,female
4937,male
3485,male
3637,female
5739,male
1520,male
668,female
321,female
3106,male
4703,male
5417,male
3309,female
1521,male
1336,female
5101,female
677,male
5035,female
1024,female
88,male
5150,female
3302,male
205,male
5619,female
363,male
5298,male
140,male
2125,male
5370,female
1446,male
1102,female
3394,male
5955,male
2617,female
2847,male
4710,male
2044,male
5970,male
5698,female
4545,female
1846,male
688,female
548,male
3806,female
606,male
2468,female
3117,male
525,male
1051,male
5706,male
2406,male
5631,male
5424,male
3877,male
1398,female
5758,female
1037,female
1588,female
5115,female
4596,female
4112,male
5060,female
3233,female
1429,female
3393,male
3619,female
1577,female
1651,male
2093,female
3987,male
617,female
5753,male
2889,female
1648,female
4799,male
499,male
2302,female
2561,male
2363,male
3099,male
3738,male
1562,female
3985,female
2453,male
1406,male
2128,female
5523,male
4650,female
1860,female
2806,female
2827,male
2331,male
1009,male
4709,female
3216,female
2452,male
5262,female
2349,female
2134,female
4629,male
1084,male
1057,female
2189,male
5031,male
6,female
1783,female
116,male
2722,male
1566,female
3583,male
5218,male
4382,female
1905,male
4595,male
3262,female
5428,female
5043,female
2350,male
679,female
5885,male
2662,female
3578,male
164,male
4790,male
349,male
3631,male
3579,male
5314,female
3819,male
4647,female
1130,male
3610,male
1081,female
632,male
1702,female
977,male
1952,male
3366,female
1198,male
2239,male
1172,female
5545,female
4561,female
757,male
1225,female
4587,female
2911,female
1709,female
1195,female
379,male
734,female
486,female
5146,male
1923,female
932,female
3070,male
573,male
3067,male
1187,female
3933,female
4941,female
4542,male
2386,female
130,female
1473,female
5479,male
4892,female
2801,female
4567,female
1117,male
1414,female
4297,female
1775,male
2674,male
5658,male
3742,female
2115,female
3014,male
3196,male
1544,male
2759,female
4857,male
4705,female
5471,male
4223,male
4863,female
575,male
3602,male
5429,female
328,male
643,female
2922,female
5301,female
1211,female
1402,female
3037,male
3820,female
2283,male
2493,female
4840,male
5990,male
457,female
3529,female
2241,male
1663,male
3375,female
168,male
3219,male
1166,male
4286,male
3081,female
5748,female
452,male
3853,female
2885,male
3490,male
1864,male
3850,male
1046,male
5709,male
2676,female
3538,male
4619,female
4467,male
2324,female
4215,male
2779,male
1908,male
2183,female
3068,male
817,female
1881,male
5959,female
176,male
821,female
4399,female
4166,male
75,male
5604,female
3234,male
230,female
2316,male
1319,male
2912,male
2848,male
4610,male
4275,female
1321,male
2600,female
1376,male
4514,male
1515,female
3299,male
3433,male
3561,female
1343,male
5360,male
3876,female
5423,female
1344,female
1657,male
3832,female
2051,male
1449,female
489,female
4855,female
4287,male
2624,male
5017,male
2121,female
4353,female
796,male
400,female
928,male
5124,male
2836,female
1154,female
1759,male
1487,female
4262,female
1053,female
465,male
5580,female
4499,female
945,male
100,male
2237,female
5952,male
2360,male
3506,female
2367,male
3984,male
3557,male
3291,female
2045,female
2898,female
5066,female
4226,female
207,female
4190,male
5530,male
4299,male
2535,male
5614,male
1828,female
4583,male
4144,male
2746,female
5332,female
3361,male
5286,male
593,male
4598,male
2968,male
4664,male
2027,male
3510,male
466,female
4814,male
1062,male
5260,female
3873,female
4458,male
4420,male
4135,male
3791,female
5175,female
3092,female
1974,male
2153,male
5108,male
1863,female
5903,female
4930,female
5071,male
937,male
871,male
1722,male
3244,female
4534,female
5525,female
4415,female
4031,male
2010,female
4574,female
5478,female
3381,female
2049,female
1986,male
5984,male
1237,female
3313,female
3523,male
885,female
2397,male
2393,male
2151,female
1345,female
3131,female
3847,female
5276,female
1684,male
437,female
4003,female
2103,male
4276,female
5118,female
2986,male
3605,female
3138,female
4386,male
984,male
4979,male
1793,male
436,male
5220,female
159,male
2762,female
827,male
4001,female
1935,female
545,female
5745,female
1472,male
5892,male
1693,male
5419,male
5195,female
2905,male
1543,female
3363,female
4817,female
5196,male
5802,male
4421,male
1405,male
2118,male
4678,female
5728,male
3112,male
3263,male
2257,female
3389,female
3405,male
1454,male
4000,male
309,female
740,female
5712,female
5406,male
3229,male
297,female
3108,male
49,female
5257,female
1918,male
5094,female
773,female
1766,male
5521,male
4601,female
4626,male
3287,female
5914,female
3836,male
1591,male
3148,female
1444,female
3996,male
1893,female
477,male
4683,male
5674,male
3618,female
4005,female
3842,female
2084,male
1118,female
4543,male
3119,male
1274,female
2177,male
3921,female
340,female
2891,female
2072,male
3129,male
3830,male
5456,female
1158,female
2020,male
1302,female
4519,male
4106,female
4204,male
1281,female
3465,male
1539,male
2529,male
2410,female
5206,female
190,female
1825,female
5653,male
2497,male
3917,male
337,female
5500,female
1812,female
4964,female
2932,male
5226,male
4280,female
4589,female
1358,female
5878,male
1137,male
1186,female
127,male
300,male
3861,male
5438,female
3060,male
4914,female
1548,male
4992,female
3054,female
4887,female
5272,female
2342,female
1437,female
2459,male
1622,male
4677,female
2394,female
1865,male
246,male
1390,female
2150,male
3269,male
5211,female
2987,female
759,male
1570,female
4237,female
2915,female
1801,male
1263,female
2859,female
5655,female
5157,female
1928,male
1567,female
3182,male
4307,male
1930,female
3521,male
5936,female
1236,female
2782,male
4145,male
3337,female
5564,female
1584,male
394,male
3542,male
5510,female
1873,female
5198,male
3855,female
1320,female
55,female
1866,female
3664,female
2741,male
238,male
4248,male
5327,male
3983,female
4154,female
2764,female
2423,male
865,female
1123,male
1723,female
1350,female
3412,female
3367,female
5850,female
4651,female
954,male
2517,female
4738,male
5482,male
5293,male
3026,male
5518,male
5920,female
4148,female
374,male
2261,male
5551,male
1587,female
2534,female
5044,male
5158,male
2850,male
3753,female
145,female
5329,male
5228,male
877,female
1897,male
3698,male
3048,male
1772,female
5717,male
4938,female
2343,male
4413,female
5135,female
4095,male
1125,female
1139,female
237,female
3882,female
68,female
881,male
1331,female
5141,male
1392,female
4053,female
2389,male
419,male
5876,male
2815,female
838,female
2029,female
508,male
4493,female
2008,female
4599,female
4623,male
3429,female
3674,female
785,female
472,female
3848,female
4659,female
2380,female
3956,male
5080,male
2223,female
2695,female
1054,female
3115,male
1430,male
4444,female
5647,female
5654,male
4746,female
262,male
1506,female
3503,male
4072,female
4676,female
3840,female
194,male
5172,male
1704,male
763,female
884,female
4639,male
665,male
4465,female
4505,male
3903,male
4327,female
940,female
4340,female
3911,female
1442,female
1755,male
5469,male
5849,female
5651,male
442,female
4378,female
4240,male
118,female
3357,female
2927,female
5381,female
962,female
2954,female
3455,male
3033,female
405,male
4701,female
4104,male
4309,female
3270,female
1872,female
1848,female
3534,male
5234,male
3437,male
3145,male
765,male
2604,male
987,female
1250,female
1982,male
2554,female
4734,female
5458,male
539,male
4318,female
758,female
4906,female
5796,female
120,male
5969,male
3430,female
4821,male
5884,male
2225,female
5224,female
972,male
4679,female
3706,female
1735,male
1000,male
4513,female
5534,female
1926,male
820,male
738,male
1197,male
1925,female
4220,male
2491,female
5576,male
920,male
3097,female
5076,male
2631,male
4085,female
1951,female
5304,male
1342,female
571,female
2752,female
5692,male
673,female
2290,female
2499,male
4807,female
4655,female
3694,male
889,female
500,male
2351,male
1260,male
433,male
2690,female
2295,female
5539,female
3282,male
5731,female
1894,male
5948,male
4457,male
843,male
69,female
2025,male
3304,male
513,female
842,male
3727,female
591,female
5621,female
2217,female
2426,male
2834,female
2748,female
2562,male
4304,female
4630,male
2978,male
2203,female
2975,female
587,female
4039,female
3036,male
1553,female
5323,male
5297,female
352,male
3901,female
2264,female
3636,male
4820,male
5623,male
4876,female
2780,male
1205,male
521,male
2176,male
84,female
1174,female
4837,male
2209,female
1833,female
4802,male
3796,female
5625,female
2687,female
4263,female
670,male
3517,male
496,male
5585,female
4934,female
4256,female
310,female
3368,male
5132,female
1104,male
2864,female
2119,male
1762,female
5240,female
1512,male
4481,female
2628,female
277,female
5736,female
1373,female
3976,male
2359,male
886,female
182,female
253,female
5103,female
3829,male
4933,female
5517,male
1015,female
1948,male
1001,male
1422,male
23,male
2524,female
1403,male
1705,female
1596,male
1718,male
3728,male
5102,female
5020,male
3504,male
4504,female
4162,female
910,male
2097,female
72,male
1712,male
1876,female
1107,male
5174,male
5734,female
5609,male
4819,female
2673,male
215,female
5348,female
4343,male
5287,male
600,female
5640,male
2262,male
1251,female
2043,male
1511,female
2758,male
1924,female
4012,male
3588,male
4453,male
2893,male
4816,male
4535,female
498,female
5393,male
3717,female
5088,male
3031,male
2211,female
4333,female
5444,female
4793,male
4316,female
2483,male
4593,male
3355,male
3907,female
5208,male
2478,female
5696,male
4748,male
3472,female
5642,male
1555,female
469,female
110,male
5000,male
3817,male
5126,female
3669,male
91,female
561,male
3935,female
5144,male
1610,male
4376,female
768,male
355,male
4978,male
879,female
5488,female
1978,male
5910,male
5136,female
3513,female
5986,female
2790,female
2575,male
834,male
3039,male
1387,male
1960,female
4210,female
5328,female
4375,male
467,male
1301,female
4993,male
2599,female
5685,male
4441,male
1628,male
1146,male
446,female
3426,male
3805,female
2424,female
3844,female
243,female
411,female
1963,male
2201,male
5786,female
2791,male
3741,female
200,male
5,female
5335,female
3338,female
180,male
4875,female
343,male
3752,female
203,female
3564,male
1296,male
3697,female
14,female
4369,male
747,female
5755,male
4776,male
3017,male
474,female
398,female
4479,male
3565,male
708,male
1490,male
4431,male
2442,female
634,female
4483,male
1474,female
1090,female
5833,female
3247,female
4391,female
2638,male
217,male
4686,male
5385,female
2854,male
1404,female
434,male
4358,female
547,male
3382,female
1480,male
5723,female
3891,male
5502,female
406,male
4631,female
1791,female
2260,female
5372,male
1523,male
1438,male
40,female
4381,female
5278,female
1101,male
2285,female
1332,female
3754,female
4325,male
1243,male
5572,female
5261,female
1731,male
5872,male
2508,male
111,female
3442,male
1580,female
2588,male
522,female
158,male
3175,female
3408,male
425,female
3640,male
4040,male
5527,female
94,male
3052,male
5122,male
3641,male
4472,male
5338,female
2376,male
335,female
993,female
2875,male
3188,male
2757,female
220,male
1311,female
4689,female
1724,male
5925,female
1535,male
2907,male
1685,male
5848,female
1919,male
5837,female
3807,male
4549,female
2727,male
5760,male
1287,female
3809,female
596,female
115,female
282,male
2796,female
5366,male
2694,male
1308,female
4557,female
5468,male
4654,male
2046,female
5037,female
4770,male
4636,male
4047,female
2002,male
4830,male
5881,male
1374,male
1811,male
3266,female
3078,female
4553,male
4161,male
389,male
3314,male
78,female
1830,female
2409,female
5905,male
2531,female
5732,female
3047,female
4014,male
1415,male
298,male
5987,male
4022,male
1120,male
251,male
4081,female
5472,female
495,male
3277,male
1832,female
4577,female
171,female
5620,male
2053,female
192,female
2671,female
2259,male
1660,male
1900,female
276,male
3109,male
1233,male
4618,female
1182,female
4943,female
1428,male
3432,male
3645,male
2679,male
4128,male
746,female
4522,female
5800,female
2744,male
1500,male
2332,female
1841,female
3012,male
336,female
1508,male
2019,male
4091,female
4284,female
5856,female
2355,female
4883,female
1091,male
3181,male
5253,female
4178,female
578,female
3914,male
2798,female
2244,male
5147,male
4482,male
3949,male
3221,male
4825,male
4217,male
5991,male
3759,male
4789,male
696,female
420,female
3369,male
1116,male
801,female
4822,male
3425,male
4779,female
1458,male
383,female
5296,female
3916,male
2706,female
4011,female
4823,male
1563,male
5516,female
4387,male
5536,male
3676,male
739,female
4872,male
2770,male
4114,male
4419,female
52,female
2648,female
1679,male
4119,male
3854,male
3940,male
754,female
2109,male
451,male
3869,female
3167,male
3178,female
239,male
1916,female
1464,female
3384,male
3211,female
3825,male
1055,female
2811,male
5845,female
3760,male
1556,female
1613,male
911,male
391,female
3192,male
1228,female
3981,male
565,female
2664,male
141,male
4949,female
5491,female
1647,female
2642,male
664,male
3804,male
1806,female
117,female
5225,female
2378,female
1888,female
5700,male
4951,female
3062,male
935,female
3730,male
1627,male
5661,male
184,male
1557,male
5638,female
709,female
5333,female
1810,male
2570,female
2212,male
2155,female
685,male
3714,male
5924,male
260,male
1956,female
3680,female
890,female
3540,male
755,male
1868,male
636,female
4492,male
3661,male
4335,female
2303,female
956,female
392,female
4714,female
4208,male
3008,male
5556,female
1329,female
1633,male
1756,female
3027,male
4183,female
5934,female
4998,female
907,female
3723,female
1617,male
216,female
3376,female
3497,male
1063,female
2170,female
4945,female
5214,female
5015,male
123,male
1171,male
3951,female
1264,female
3974,female
2871,male
3585,female
3590,male
3194,male
151,male
1100,male
4864,female
3573,female
1419,male
5751,male
4560,male
775,male
5935,female
3894,male
2941,female
4766,male
5090,male
3111,male
1291,female
4044,female
581,female
1798,female
1079,female
4359,female
2611,male
4858,female
946,male
1032,male
4550,male
4811,female
566,male
1181,male
3334,female
5064,female
828,female
2007,male
5398,male
5607,male
4295,male
2754,male
4657,female
2678,male
5675,male
228,male
2373,male
2537,female
4437,female
3162,female
2946,female
5824,male
4904,female
5887,male
3164,male
3797,female
1529,male
5913,female
2422,female
2955,female
672,male
723,male
4778,male
5179,male
2435,female
2921,male
1096,female
2793,male
2552,male
1805,male
2519,male
2436,female
1282,male
4229,male
4564,female
3748,male
1821,female
3292,male
3356,female
12,male
5803,female
1619,male
2167,female
2383,male
5766,female
1112,male
4121,female
2291,male
5627,female
2467,male
3285,male
2304,female
2940,female
2565,male
1275,male
2430,female
2169,male
3944,female
5068,female
3544,male
2731,female
724,male
861,male
2030,male
4753,male
1043,male
1105,male
3736,male
5341,female
2747,female
4021,female
3305,female
1589,female
1338,male
855,female
3548,male
1607,female
2012,male
2469,male
2385,female
410,male
1072,female
2936,male
4452,male
5611,female
2243,male
1941,female
800,male
1356,male
5983,female
3259,female
5027,male
2918,male
2195,female
3404,female
1878,male
2246,female
2939,female
4509,male
5575,female
4997,male
1720,male
3274,female
1898,female
3593,male
5356,male
1989,female
2942,male
644,female
4058,male
2356,male
3420,male
3598,female
1932,female
5873,male
2655,male
5929,male
179,male
1955,female
5050,female
1149,female
1571,female
5396,female
3767,male
771,female
3828,female
2352,female
2947,female
204,female
1891,male
544,female
280,male
5325,female
1026,female
3691,female
4787,female
4172,male
5484,male
4917,male
3098,female
5857,female
2219,male
3149,female
191,female
2977,male
3757,male
2400,female
619,male
1469,male
4041,male
1167,female
1782,female
953,female
5708,male
2298,female
2766,male
5634,male
4791,female
5045,male
5898,male
4417,female
1675,female
3006,male
331,male
3267,female
2329,male
2818,female
5503,male
3841,male
908,female
232,male
4115,male
2884,female
2582,female
4869,male
2951,male
2799,male
5995,male
5998,male
1007,male
5493,male
1041,male
3101,male
1734,female
5236,female
5036,male
5843,female
3481,female
2346,female
4364,male
3191,female
292,female
4150,male
3018,male
2289,male
371,male
2205,male
2068,female
2660,female
3434,female
826,male
2666,female
2785,female
4066,female
5288,male
918,female
3475,female
3378,female
1776,female
2188,female
4298,female
1517,female
1658,female
5155,male
5584,male
625,male
930,male
5504,female
3487,female
3693,female
2566,female
5941,male
5411,female
1381,female
1779,male
934,male
4038,female
1124,male
3725,male
2129,female
87,female
2498,male
3459,female
5021,male
4845,female
2326,male
1763,female
5701,male
3254,male
5358,male
4366,male
2159,female
5337,female
2000,female
1736,male
3179,female
4515,female
2788,male
2853,male
4541,male
1655,female
3786,female
2116,male
4306,female
2769,male
2999,female
3707,female
2391,female
3482,female
2892,male
5061,male
5610,female
3303,male
2963,female
4266,female
5319,female
4723,female
4261,female
5353,male
968,male
2247,female
2807,male
3584,male
2333,male
490,female
4180,male
3729,female
5578,male
3298,male
4243,male
4158,male
3410,male
2635,female
4123,male
4769,female
3293,male
428,female
97,female
4796,male
2702,male
4854,male
455,female
2756,female
4962,female
4859,male
1646,male
4470,female
5470,female
991,male
1605,female
1852,male
4870,female
2530,female
1453,male
1496,male
706,female
1327,female
1064,female
4394,female
5473,female
5351,male
4919,female
211,male
2415,male
603,female
803,male
303,female
3372,male
5448,female
5744,male
5434,female
698,female
1946,male
41,female
2724,female
874,female
5778,female
294,male
1395,male
1249,male
623,male
2139,female
2920,female
1033,female
914,male
229,female
1023,male
1076,female
5883,male
448,male
4352,female
2825,male
2075,female
4222,male
2819,male
3918,male
4745,male
4673,female
2274,male
2035,male
570,male
4942,male
2111,female
5113,female
1659,male
2886,female
3851,male
784,male
2525,female
3990,female
4142,male
2366,female
2829,male
5784,male
756,male
3345,female
2521,female
4445,male
574,male
4435,female
1538,female
4538,male
502,male
2226,male
5117,female
5532,male
1758,male
1867,male
2293,female
2154,male
2348,male
4182,female
4940,female
654,male
1412,female
2123,female
660,male
4724,female
5749,male
1257,male
4028,female
4687,female
271,male
864,male
3592,male
3470,female
3217,male
3161,female
3888,male
133,male
2190,female
5783,male
3656,male
4533,male
4201,male
1606,male
4477,male
22,male
5622,male
1551,female
5943,female
1435,female
5906,male
1004,female
3126,male
1377,female
628,male
2381,male
2980,female
5506,female
1542,male
3937,male
2580,male
3594,male
5427,male
345,female
3401,female
3116,female
3449,male
609,male
1666,male
4885,female
2192,male
5168,male
5549,female
2869,female
4137,male
3966,female
4758,male
947,male
3187,male
3320,male
1499,female
3283,male
4347,male
3160,female
897,male
2528,male
5724,female
5988,male
2310,male
4963,male
1774,male
1673,female
1603,female
3419,male
1136,female
2105,female
4755,female
4895,male
3915,male
354,male
850,male
2653,female
1180,female
4569,male
2275,female
1737,male
3746,female
840,female
4459,male
1285,male
5215,male
5330,male
4973,male
2140,female
488,female
3926,male
119,male
5608,male
5114,female
1943,female
3226,male
1129,male
583,male
3515,female
5295,female
3692,female
1856,male
2411,female
527,male
5369,female
3789,female
306,male
4010,female
16,female
4157,female
1550,female
4777,female
3531,female
5565,female
833,female
4092,male
663,female
3407,female
4731,female
4033,male
2344,female
1400,male
3810,male
48,female
4277,male
594,female
1058,female
919,female
1094,female
3675,female
4985,female
4953,male
3790,female
3312,female
648,female
5182,male
4054,male
3136,male
3638,male
476,male
1447,male
1669,female
2641,female
1021,female
1080,female
719,male
1277,female
9,female
622,female
2101,male
5081,male
2267,male
975,male
1653,male
778,male
1396,male
4281,female
4578,male
1545,female
3954,male
4576,male
5699,male
1980,female
4660,female
135,male
1732,female
1568,female
4373,male
3351,male
1411,male
2916,male
1859,female
5861,male
2110,male
3560,female
5671,female
5756,male
2240,male
5915,male
3104,female
4615,male
4140,female
3655,male
4684,male
56,female
5200,female
5140,female
3090,female
302,male
3518,female
1391,male
4761,male
1372,male
4668,female
4469,male
3003,male
1433,female
2306,female
4718,female
5509,male
2338,male
4923,female
456,male
5263,female
5537,female
435,male
2403,male
933,male
572,male
1601,male
3024,female
5270,male
1738,female
1256,male
5799,female
5535,female
5719,female
193,female
5965,female
4694,male
4868,female
761,male
4184,male
73,female
5258,male
2969,female
5711,female
4536,male
154,female
3072,female
1092,male
1488,female
1565,female
4269,male
4289,female
915,male
5477,female
139,male
5192,male
695,female
2926,female
3737,male
1047,female
1910,female
3682,male
1157,male
4600,female
4242,male
5387,male
1547,male
5681,female
219,female
1764,female
3454,male
3435,female
5737,female
2934,female
3170,male
4293,female
2620,male
3868,female
647,male
5665,female
1954,female
4749,male
4098,female
441,female
468,male
4843,male
1470,female
3395,female
1306,male
2104,male
3260,female
5694,female
4852,female
218,female
3961,male
4194,male
5241,female
4672,female
2587,female
3957,female
5672,male
4424,male
4397,male
4450,female
3599,male
4607,male
5210,male
4143,female
3696,female
82,male
65,male
3600,female
5869,female
4652,female
5279,male
1977,female
4219,male
3095,male
2576,female
4179,male
5242,male
1777,male
2668,male
2707,male
2330,male
1368,male
2323,male
569,female
2023,female
5531,female
360,male
3793,female
3307,male
17,female
3301,female
1972,male
831,female
3952,male
1388,male
948,female
5457,female
760,female
51,female
553,female
2096,female
3864,male
5513,female
610,female
1349,male
2961,male
46,male
2175,male
1842,male
2001,male
4411,female
3257,male
2419,male
1785,female
3230,female
2063,female
4168,male
1611,male
5079,male
1895,female
2691,male
2802,female
3325,male
4319,male
814,male
645,male
1851,female
722,female
4363,male
5023,female
584,male
3447,female
3344,male
4136,female
536,male
2910,female
4079,male
201,male
3528,female
4588,female
4357,female
1223,female
3769,female
700,male
2725,female
1089,female
426,male
1423,female
637,male
326,male
2929,female
2733,female
5571,female
5562,female
2614,female
227,male
2681,male
1232,male
2581,female
3085,female
5908,female
5480,male
4338,female
711,female
2004,female
1375,male
4228,female
3929,male
5630,female
1608,male
4018,female
4707,male
4454,male
684,male
5743,male
5065,male
5445,male
976,male
3171,female
5001,male
5763,female
5230,female
2136,male
2193,male
4897,female
4060,male
3491,female
4456,female
4052,female
4520,female
3238,male
470,male
690,female
2335,female
3857,female
627,female
109,female
5130,female
1953,male
2408,female
5100,female
3453,male
3296,male
4212,female
2443,male
3428,female
926,male
1477,female
3611,male
818,male
5011,female
2221,female
4494,male
5808,male
3318,male
605,female
836,male
2607,female
2996,female
1788,male
4209,female
4768,female
5710,male
429,female
904,female
5096,female
2982,male
3332,male
1854,male
5467,female
5954,male
3013,female
528,female
751,male
811,male
5714,female
301,female
860,male
5324,female
2270,male
1502,male
4447,female
3102,male
2663,male
1164,female
2901,male
3628,female
432,male
2851,female
1834,male
4546,male
2539,female
5097,male
4604,male
2800,female
4851,female
274,male
3199,male
4643,male
3505,female
5644,female
1531,female
4573,female
666,female
5670,female
3953,male
2787,female
4291,male
1278,male
2144,male
3130,female
5588,male
4006,male
270,female
3074,female
2763,female
2017,female
2065,male
2079,male
3654,male
2433,male
2591,female
530,female
5062,female
5009,female
3041,male
5771,male
2623,male
5764,male
5702,male
3071,female
2160,male
563,female
1747,male
5594,male
2446,male
1265,female
1796,female
3350,male
1318,female
1853,female
3653,male
2301,male
1855,female
5072,male
1020,male
1713,male
463,female
464,male
1031,male
2634,female
1484,male
3231,female
231,male
3554,female
2616,male
4960,male
4771,female
2204,male
2362,male
4403,female
4552,male
3801,male
2888,male
5515,female
2923,male
2061,female
3813,female
3683,male
3822,male
4439,female
3859,male
3747,female
1383,female
1914,male
2307,male
4249,female
376,female
2112,female
2689,female
2551,male
503,female
4644,male
5006,male
2496,male
3080,male
2950,male
5560,male
633,female
1949,male
85,male
4969,female
307,male
2347,female
4448,female
2965,male
876,female
5683,female
5433,female
4308,female
1346,male
3597,female
4224,male
3038,male
5981,female
4795,female
5199,female
5841,female
4715,female
1085,female
5191,male
5966,female
4436,female
4259,female
1964,female
4149,male
125,male
1708,female
1431,male
4742,male
3878,female
1297,male
4400,male
5680,female
2594,male
5785,male
1957,female
4117,female
4244,male
5909,female
3764,male
4234,female
729,male
5265,female
5443,male
682,female
4108,male
112,male
5016,female
3360,female
507,female
5056,female
3157,male
3808,male
512,male
1159,male
4692,female
453,female
329,female
3622,female
939,female
562,male
5441,male
2495,female
4322,female
395,female
5046,male
3552,female
1253,male
1497,male
2253,female
5030,female
683,female
497,male
1668,male
1242,male
1029,male
5686,female
4656,female
2697,male
2845,female
2661,female
4986,male
106,female
878,female
3499,female
813,female
4120,female
2171,female
3770,male
4398,female
4739,male
2773,male
2074,male
3030,female
2094,female
5204,male
797,female
454,male
1462,male
189,male
2300,female
621,male
3766,male
4510,male
5499,female
4270,female
2966,male
713,female
1210,male
3519,male
5178,male
1019,female
4049,male
5713,male
235,male
3232,male
3946,male
816,female
4784,male
3311,male
1478,female
1231,male
2832,female
2917,female
5874,male
3762,female
3749,female
3248,male
3448,female
4326,female
4272,female
1578,male
4812,male
4110,female
1017,female
4087,female
642,female
3765,male
5222,female
3474,male
973,male
3139,female
4305,male
108,male
3374,male
5652,male
3294,male
2601,male
2451,male
3743,female
3362,female
3537,female
2803,female
795,male
1927,female
2981,female
334,female
54,male
1248,female
1334,male
2439,male
3577,female
5377,female
5746,male
5269,female
1493,male
4782,male
5129,male
2311,male
1862,female
2460,male
5592,male
2669,male
3451,female
5574,female
4271,male
5345,female
3572,male
3249,male
5229,male
4089,male
1363,female
5237,male
3969,male
1768,male
2130,female
3050,male
2057,female
3874,female
5547,female
3989,female
3514,female
4311,male
1289,male
3122,female
431,male
1590,female
2952,female
4632,male
3995,male
4232,female
1792,male
3532,female
3124,female
808,female
5389,male
3059,male
3866,male
5123,male
3939,male
2629,female
2507,female
36,female
5860,female
1760,male
5399,female
3545,female
851,male
5794,female
2249,female
959,male
5726,female
2256,female
4711,female
5074,male
2184,male
3930,female
362,male
2843,male
4080,female
304,male
4404,female
1554,male
4282,female
2595,male
370,female
5227,female
4645,male
745,male
1671,male
2994,female
2034,male
1018,male
2218,male
1068,male
4029,male
4608,female
2992,female
1360,female
213,male
1742,male
4810,male
2704,male
3582,male
2598,female
2368,male
852,male
5497,male
1326,male
103,male
2751,male
236,male
2656,male
2558,male
2610,male
5814,female
5455,male
4767,male
3185,female
1849,female
839,female
3445,female
592,female
5865,female
3223,female
5395,male
5754,male
752,male
296,male
134,male
3872,female
5836,male
770,male
806,male
4612,male
5820,male
2091,male
1804,female
2265,male
3703,male
4484,female
5639,male
2235,female
4239,male
5449,female
3258,male
4590,male
2937,female
4392,female
3186,male
4826,male
4344,female
242,female
780,female
1786,male
3159,male
4759,male
45,male
2783,female
2313,female
15,male
5707,male
346,male
3831,female
3834,female
3246,male
728,female
629,female
5879,female
5579,male
3923,male
2995,male
3252,female
4575,male
5762,female
576,male
505,female
965,male
3520,female
3352,female
5528,female
1366,male
1498,male
4562,female
2577,female
3574,female
2909,female
4970,female
5154,female
3040,female
5684,male
5404,female
2157,male
2633,male
4786,male
3567,male
2723,male
5259,male
5693,male
5543,male
3310,female
1183,male
5475,male
2736,female
2703,female
2114,male
3383,male
4236,male
4846,male
5280,female
5498,male
1715,male
2908,male
4971,female
5801,female
966,female
3701,male
2862,male
3988,male
403,female
3968,female
2427,female
792,female
5902,male
5264,male
5086,female
333,male
2976,female
640,male
4680,male
1632,female
3416,male
1214,male
4023,male
1598,male
4874,female
714,female
24,male
2626,male
414,female
5690,male
2828,female
2245,female
1436,male
2882,male
4264,male
2127,female
4894,male
2837,male
5364,female
2315,female
4365,female
4747,female
5085,male
5232,male
612,male
4409,female
4877,female
2618,female
4192,female
5811,female
2197,male
4665,male
4213,female
2252,male
2701,male
5166,female
4164,female
2627,male
5248,female
1367,female
3245,female
3924,female
4584,female
909,male
5121,male
1378,female
2738,male
5110,male
1510,male
4341,female
4585,male
2872,male
3028,female
3792,female
5306,male
250,male
3151,male
4268,female
4700,male
4169,male
5040,male
2280,female
1682,female
2,male
5817,male
4082,female
1797,female
1721,female
4965,male
1612,male
2402,female
1745,male
3886,female
4174,male
3580,male
212,female
1593,male
888,female
4752,female
1246,female
4637,male
1979,male
1690,female
4987,female
4903,female
1115,female
676,male
3689,male
1152,female
4360,male
1416,male
4899,female
318,male
5931,female
4189,male
2547,female
5761,female
3057,female
1131,male
2100,male
1082,female
5705,female
2781,female
955,male
1160,female
2973,female
3811,male
4862,female
348,female
3651,male
79,female
1509,female
2334,female
2760,female
1304,female
163,male
2082,female
459,female
5415,male
857,female
2895,male
3652,female
4303,male
1822,male
3897,female
2062,male
221,female
568,female
824,male
2476,female
2194,male
1639,female
856,female
4216,female
5452,male
381,male
322,male
4146,female
3209,male
2833,male
479,male
2650,male
2504,female
5310,female
4127,male
4030,female
3927,female
5978,male
4260,male
162,female
424,male
4916,male
4250,female
3750,male
2095,female
4893,female
5613,female
970,male
5119,female
2502,male
5070,female
5752,male
417,female
615,male
4241,male
4756,female
5368,female
2152,female
1686,female
5847,male
912,male
3322,female
3458,female
2437,male
880,female
240,male
1559,male
5420,female
2967,male
944,male
1313,female
582,male
5099,female
412,female
3893,female
5405,female
1609,female
2774,female
2675,male
5413,male
258,male
3788,female
1917,male
5727,male
4238,female
997,female
4181,female
5730,male
268,female
5213,female
5657,male
4708,male
1025,male
3265,female
5928,male
4247,female
308,female
5012,male
2370,female
538,female
3496,female
1150,male
2470,female
3838,female
50,female
1322,female
1597,female
964,female
5774,male
1440,male
3896,female
4167,male
4073,male
5384,male
4480,female
4571,male
3330,male
3056,male
3936,female
80,male
3390,male
1324,female
5342,male
5791,female
356,female
5463,female
2810,male
3639,female
138,female
3733,male
4839,female
4193,male
5776,female
4372,female
4540,male
386,male
5143,male
3288,female
5343,male
1208,female
5318,female
4972,male
2214,female
5663,female
225,female
3659,female
5145,female
614,female
77,female
1168,male
1808,female
2216,female
380,female
4935,male
4015,male
4361,male
2048,male
3290,female
3469,male
5246,female
198,male
3021,male
5603,male
5573,male
4736,male
2677,male
2972,male
504,female
3568,female
4531,female
1215,male
3524,female
1761,male
2919,male
1185,female
1144,male
1141,male
1546,male
3909,male
2877,male
5533,female
1662,male
4235,female
2345,male
952,female
2735,female
905,female
5976,male
641,male
4613,male
2515,female
3370,female
1899,female
1683,male
3134,male
2454,male
1714,female
3427,male
790,male
913,male
620,female
802,male
1276,male
421,female
2740,male
3892,male
4980,male
3906,female
1307,female
4131,male
5075,female
5596,female
1315,female
3724,male
3555,female
3616,female
718,male
1961,female
2841,female
3055,female
5111,male
5183,female
4913,male
4740,female
2278,female
1624,female
4188,female
1258,male
4946,male
5437,female
4726,female
4836,female
4828,male
2717,female
5769,male
726,male
2913,male
5302,male
2693,female
2028,female
5851,female
20,male
5316,female
4633,female
4591,female
1552,male
3731,female
4339,female
4427,female
3251,male
1968,male
492,female
1836,female
707,male
3215,female
844,female
2215,female
5054,female
3596,male
1145,male
3492,male
2984,male
2200,female
2055,female
2475,male
3802,female
3123,female
4267,female
4813,female
3439,female
4794,male
2821,male
2640,female
4097,male
1339,female
1359,male
1042,male
923,male
2814,female
2066,male
601,male
5944,male
1266,male
1103,female
3525,male
4920,female
2696,female
3673,female
478,male
1503,female
2133,male
5597,male
1365,male
382,male
3009,female
4713,male
2555,male
3120,male
4606,male
3135,female
2589,male
1492,male
4170,male
3486,female
3100,male
2466,male
4878,female
822,male
3264,male
1526,female
793,female
3833,female
1824,female
2361,male
5933,male
2382,female
313,female
2187,female
1890,male
5582,male
5430,male
730,male
5407,female
680,female
5432,female
142,female
1901,male
2710,male
4405,male
1491,male
2009,male
226,male
1564,female
3173,female
2866,male
378,male
3354,female
4251,male
4831,male
4451,male
5357,male
2881,male
396,male
18,female
4988,female
4924,female
1155,female
105,female
4374,male
5834,female
3541,female
1625,female
4231,male
4907,female
1939,male
4528,female
3624,male
3787,female
3991,male
8,male
2852,male
5930,female
5792,female
5875,male
535,male
4490,female
2750,male
2672,female
1882,male
5025,female
132,female
3646,female
577,male
4751,female
223,male
1965,female
5217,female
408,male
3756,male
3358,female
2899,female
3972,female
703,female
2792,male
3550,male
2234,male
1309,female
3213,male
4083,male
5999,male
5311,male
5790,female
2161,female
1369,female
3300,male
357,male
1525,female
4124,male
2182,male
4471,male
5171,female
401,female
4565,female
3239,female
1697,female
4581,male
1829,male
460,female
1073,female
4246,female
5586,male
5577,male
5945,female
4292,female
1819,female
2812,male
832,male
32,male
4572,male
418,female
595,female
4925,female
34,male
994,female
5487,male
2325,female
1585,female
958,male
938,female
1219,male
4152,female
1189,female
1035,female
749,male
5202,female
3423,female
5641,female
4732,male
3284,male
3069,male
3867,male
4685,female
5390,female
475,female
3890,male
1522,female
3721,female
1203,male
4434,female
3617,female
3595,female
3190,male
2440,female
3508,male
3200,female
4966,female
5281,female
5326,female
4486,female
4605,female
3323,male
1133,female
1040,female
173,female
3941,female
3227,male
3174,male
4775,female
157,male
2500,male
5093,female
3279,female
2949,male
3726,female
5907,female
5459,female
5616,female
1270,female
1252,female
1482,female
4995,female
3443,female
4879,female
4443,male
4932,male
533,male
5950,male
4057,male
5346,male
5127,male
2180,male
1113,female
1664,male
5886,male
5197,female
2089,female
1771,male
4597,female
1038,male
2897,male
4808,male
5033,female
1635,female
3127,male
2405,male
3089,female
2276,female
1944,female
2596,male
3887,female
2737,male
3023,female
4107,female
887,male
2863,male
4334,female
3315,female
4317,female
1575,male
5605,female
2013,female
4566,female
5408,male
534,female
4523,female
1202,male
5772,male
1903,female
165,male
4905,male
5858,female
667,male
3022,male
4428,male
5729,female
942,male
5590,male
5492,female
1532,male
3168,female
4265,male
2472,male
1795,female
3172,male
1728,female
2026,male
5900,male
1098,male
4896,male
2632,male
4008,male
3715,female
1468,male
5882,male
630,male
4368,male
1907,male
2268,female
4498,female
2251,male
2665,female
2320,female
2271,female
156,female
5476,male
4412,male
4214,female
2042,male
2384,female
2646,female
4461,male
4927,female
781,male
3905,female
5034,male
849,male
1997,female
5662,male
3019,female
4077,female
1911,female
815,female
732,male
5091,male
1147,male
5055,male
4211,male
4728,female
769,male
1097,male
2416,male
1325,female
2592,male
2173,female
324,male
1450,female
2233,female
1050,male
678,male
5524,female
520,male
3007,male
5116,female
1138,male
1002,male
5626,male
4163,female
5186,male
1573,male
1012,male
748,female
2449,male
177,male
5646,male
3228,female
1869,male
2568,female
2158,male
2709,female
2018,female
712,male
4737,male
209,female
4900,female
254,male
149,female
4122,male
4024,female
2131,male
1495,male
2991,female
5598,male
3526,female
4476,male
1967,male
5431,male
4501,male
541,female
4336,male
3758,male
4792,male
519,female
3210,male
3243,male
1273,female
3511,female
3780,male
3150,male
286,male
3620,male
5245,male
2708,male
3326,female
2163,male
3035,male
63,male
4426,female
1194,female
3281,male
2625,male
5349,female
5964,female
2024,female
4478,female
4487,male
3461,female
3856,male
2210,female
3934,male
2191,male
3826,female
1048,female
4432,female
1095,female
3183,male
5223,male
5321,male
2174,female
137,female
3711,female
5593,male
1441,female
5153,male
248,male
2544,male
1809,female
5371,male
4233,female
2514,male
5378,female
2477,male
1140,male
873,female
2232,female
5394,male
1844,male
4529,male
315,female
317,male
2651,male
5805,male
1920,female
5977,female
1638,female
805,male
1971,female
5216,male
1230,female
266,male
2958,female
4797,male
3527,female
4433,female
241,female
2327,female
4721,female
3349,female
2292,male
3798,female
3687,female
772,female
2107,female
2015,female
3563,female
3010,male
2220,female
3373,female
5024,male
2880,female
4890,female
4681,female
299,female
3932,female
891,male
3679,male
2021,male
1389,female
3535,male
427,male
3493,female
3255,female
2284,female
5112,male
3400,female
4558,male
2868,female
5810,female
5989,male
1335,female
3843,male
2856,male
725,female
2956,male
2462,male
3051,female
4464,female
812,male
4798,male
2753,female
2054,male
1093,male
5107,male
3553,male
1352,male
841,male
5451,male
5960,female
5483,male
2465,male
1733,male
1303,male
979,female
1629,male
3480,female
2609,female
2761,male
4283,male
1108,male
1981,female
2729,male
5177,male
5379,male
999,male
4861,male
2263,male
4463,male
3827,male
3286,female
787,female
482,female
1165,male
5997,male
3403,female
5526,male
5864,male
2730,male
5956,male
4455,male
3093,male
4043,female
2503,female
5859,female
481,male
4690,female
5844,female
5104,female
2842,female
4019,female
916,male
2199,male
794,male
5975,male
5583,male
1156,female
3242,male
1269,female
99,male
4699,female
1128,male
2489,female
129,female
5189,female
4027,female
188,male
3388,female
1212,female
4688,male
1818,female
5971,male
4743,female
3133,female
5052,female
4624,male
5254,male
5721,male
5567,male
3044,male
807,female
3774,male
2196,male
485,female
3644,male
5797,female
4803,female
4139,male
830,female
721,male
697,male
3772,female
5474,male
4245,female
551,female
1767,female
924,female
1036,male
4909,male
2438,female
862,female
3647,male
1217,female
893,female
2417,female
3546,male
202,male
121,male
3629,male
2510,male
3132,male
580,female
929,male
1384,female
1740,female
5421,female
4911,male
3064,female
3002,female
1816,male
4132,male
19,male
2484,male
1765,female
3635,female
4034,female
4744,male
5047,female
2542,female
2553,female
4,female
5188,male
791,male
5059,male
4090,male
1929,male
2078,female
4062,male
3782,female
3571,male
1380,male
1425,female
3075,male
3794,female
98,female
1887,female
2147,female
1769,female
4805,female
1290,male
4105,female
4649,male
5780,female
3169,female
3799,female
208,male
2039,male
3321,male
3569,female
3613,female
3091,male
2685,male
5235,male
3980,male
4203,female
5383,male
4627,male
5566,male
3197,male
1850,male
493,male
281,female
283,male
4096,female
53,female
2979,male
5194,male
1958,female
3912,male
4199,female
3745,female
1279,female
1494,male
1299,female
529,male
3558,male
1337,female
4921,female
61,female
1268,female
5830,male
2390,female
5462,male
1586,male
1475,male
5212,male
4328,male
4704,female
1676,male
1518,male
2148,female
4063,female
2563,male
1880,female
2242,male
5788,female
5917,female
4473,female
2432,female
2305,female
5359,male
2593,male
1013,female
5795,female
471,female
2870,male
2900,male
4781,male
3615,female
3001,male
4173,female
269,female
2005,female
4320,male
4594,female
4076,male
2202,male
4765,female
5828,male
2379,male
518,male
4554,male
4075,male
4968,female
3648,male
5939,male
5637,female
2649,female
1283,female
2765,male
3522,male
2092,female
1787,female
1455,male
1022,female
4025,male
2583,male
2998,female
3184,female
5949,female
2224,male
3237,female
4346,male
854,male
4273,male
3800,male
2341,male
3225,male
2272,male
264,male
2683,male
4007,male
1355,male
1687,female
1448,female
788,female
1642,male
233,male
1641,male
2120,male
3814,male
3142,female
5893,female
4579,female
4093,female
1922,male
2840,male
3998,female
5666,male
542,male
5615,female
4207,male
715,male
3977,male
2166,male
2047,male
415,female
4666,female
2318,female
4691,female
5435,male
422,female
579,female
1003,female
4838,male
3331,female
555,male
1524,male
4568,male
567,male
2527,female
5391,female
892,female
1615,female
3975,male
5305,male
5947,female
57,male
5722,male
3473,female
5148,male
5344,female
1514,male
5277,female
767,male
3462,male
5866,female
458,male
3278,male
3289,female
2855,female
2445,female
1267,female
4764,female
152,male
5994,male
3275,male
1504,male
2960,female
2726,female
5067,male
560,female
1005,female
5629,female
4396,male
1549,male
3516,female
5339,male
1184,male
170,female
3073,female
4982,male
1670,female
1643,female
2816,male
5460,female
3835,female
5602,male
5255,female
2050,male
4516,female
4733,female
3340,male
3329,female
903,female
5426,female
2831,female
1460,female
1636,female
4783,male
4592,female
2849,female
5840,female
3643,male
4196,female
4912,male
4205,female
5659,male
5825,male
3603,male
1045,female
2067,female
5340,male
2578,female
5617,female
3821,male
2088,male
3871,female
1592,female
4099,female
3803,male
3180,female
5002,female
848,male
4570,male
5181,male
3121,female
1200,female
2728,female
2930,female
183,male
546,male
4446,male
2314,male
2428,male
3158,female
5678,female
5092,female
3971,female
5039,male
704,female
2090,female
988,female
4350,male
5138,male
2124,male
351,male
1328,male
3276,male
1840,male
2420,male
1386,female
4016,female
5855,male
2645,male
3863,male
3902,female
2494,male
4834,male
4274,female
5852,female
5715,male
3846,male
5109,male
1827,male
4278,male
273,female
4806,male
1261,female
5489,male
124,female
4313,male
4252,male
2569,male
377,male
872,male
4116,female
2374,female
5165,female
922,male
3978,male
4616,female
2388,male
2835,female
3387,female
4865,female
3032,female
1272,female
5134,male
257,female
5169,female
2904,female
3335,female
5581,male
902,female
3601,female
2145,male
3342,female
4253,male
60,male
491,female
1206,male
4928,female
2846,male
3899,male
1122,male
5806,male
5207,male
3113,male
3494,female
47,female
1741,male
655,female
782,male
2299,female
3005,male
649,female
178,male
5899,male
4635,male
3695,female
3962,male
5267,female
4068,female
5695,female
3489,male
5352,female
3422,male
5501,female
4847,female
5703,female
2464,male
917,male
936,male
1621,male
2236,female
2809,female
5289,female
2099,male
2742,female
735,female
5901,female
646,male
4662,male
4414,female
2480,male
1293,female
5942,male
597,female
2353,male
1966,female
4367,male
3999,male
5682,female
1681,male
3324,male
951,male
3671,female
5018,female
1190,female
1379,male
506,male
5660,male
409,female
3591,male
4026,male
5209,female
1993,male
1921,female
1298,female
2755,male
523,male
2404,female
5167,female
4187,female
3712,male
2117,male
3398,male
2288,male
998,male
4850,female
113,female
3845,female
4525,female
3165,male
2985,female
1815,male
1579,female
3343,male
1451,male
895,male
5635,male
2058,female
996,female
114,female
2795,male
4088,female
1074,male
2339,male
1695,male
1784,female
661,male
5779,male
3446,female
717,female
2279,female
2990,male
5392,male
5495,male
5042,male
3658,female
4518,female
2108,female
981,female
3058,female
1295,male
2456,male
4873,male
2597,male
1016,female
3608,male
4762,male
5996,female
5014,female
5912,female
4939,male
4507,female
5569,male
1394,female
5633,male
255,male
5897,male
2014,female
4956,female
1875,male
1706,female
3979,female
2421,female
1861,male
2838,male
4065,male
4773,male
1750,male
4407,male
2447,male
736,female
93,female
3176,male
980,male
4602,female
5374,male
1222,female
2425,male
5505,male
3660,female
4646,female
2567,female
1990,female
2178,female
1595,female
2789,female
3020,male
4385,male
693,male
256,female
185,male
1086,female
2064,male
1028,female
2546,male
279,male
1010,male
5137,female
275,male
1143,male
3084,male
4603,female
3,female
4485,male
4468,female
1348,male
3049,female
2336,female
4202,female
2487,female
1839,female
4530,male
2549,male
2102,male
1534,male
131,male
3029,female
1465,female
2560,male
2953,female
1937,female
5974,male
1789,female
5160,male
4475,female
1780,male
1330,female
3690,female
5507,male
1749,female
316,female
2086,male
3702,male
5520,male
3218,female
1310,male
2964,female
4348,male
384,female
2073,female
2277,male
2444,female
5961,female
3768,male
5957,male
2971,female
5522,male
5669,male
5550,male
1370,female
5450,male
3386,male
2873,male
5446,male
3268,male
2830,male
1467,male
3773,female
443,female
483,female
5704,male
92,male
5266,male
2482,female
249,male
5888,female
4829,male
4975,female
5557,male
4735,female
3530,male
5331,male
702,male
25,male
3777,male
2371,male
963,male
1353,female
4908,female
3870,male
136,female
2172,female
4133,female
3025,female
1456,female
3043,female
4362,female
3945,female
148,male
1959,female
5190,male
144,female
1677,male
1364,male
161,male
5555,female
4967,male
5486,female
2142,male
1162,female
2844,female
2083,male
5595,male
2213,female
867,male
4695,male
3379,male
3110,male
1843,male
3965,male
659,male
245,female
3206,male
4582,male
5687,female
5542,male
3778,female
5403,female
3684,male
4355,female
3881,male
2458,female
3096,female
3440,female
3118,male
4186,female
3895,male
3273,female
2098,female
3566,male
5544,male
5409,male
5247,male
3306,female
5645,male
3205,female
5243,female
3959,male
1371,male
169,female
4697,female
1119,male
3460,female
1999,female
3633,female
4442,male
4948,male
1052,female
3222,female
1439,female
5041,female
1752,male
762,female
5205,female
3955,female
5176,male
3779,male
5831,male
4563,male
1049,female
1537,female
39,female
2894,male
4323,female
289,female
1813,male
3543,male
21,female
5203,male
4185,male
2037,female
5992,female
2365,male
4466,female
5058,female
4337,female
364,male
81,female
5282,male
705,female
4258,male
2826,female
1691,female
4524,male
1992,male
2574,male
5793,female
385,female
4423,male
4321,female
3630,male
2143,female
969,female
3441,female
5294,male
1234,female
3922,male
450,male
774,female
2006,female
5718,female
4159,female
2637,male
1717,female
1973,male
5827,female
5156,male
674,female
95,male
29,male
4931,female
5496,female
2572,male
2354,female
786,male
439,male
2822,female
5201,female
5087,male
83,female
4416,female
1985,male
985,female
4055,male
4609,male
900,male
650,male
3818,male
3781,male
1479,male
5173,male
2228,female
3740,male
5170,female
